sub-unfSCT002/ derivatives/labels/sub-unfSCT002/ sub-rennesOfsep080/ derivatives/labels/sub-rennesOfsep080/ sub-milanFilippi057/ derivatives/labels/sub-milanFilippi057/ sub-mgh3Tmarco001/ derivatives/labels/sub-mgh3Tmarco001/ sub-bwh082/ derivatives/labels/sub-bwh082/ sub-unfPain028/ derivatives/labels/sub-unfPain028/ sub-clermontferrandOfsep003/ derivatives/labels/sub-clermontferrandOfsep003/ sub-nihReich016/ derivatives/labels/sub-nihReich016/ sub-lyonOfsep062/ derivatives/labels/sub-lyonOfsep062/ sub-xuanwuYaou019/ derivatives/labels/sub-xuanwuYaou019/ sub-nyuShepherd063/ derivatives/labels/sub-nyuShepherd063/ sub-milanFilippi090/ derivatives/labels/sub-milanFilippi090/ sub-parisPradat042/ derivatives/labels/sub-parisPradat042/ sub-bordeauxOfsep010/ derivatives/labels/sub-bordeauxOfsep010/ sub-unfSCT015/ derivatives/labels/sub-unfSCT015/ sub-milanFilippi036/ derivatives/labels/sub-milanFilippi036/ sub-nyuShepherd049/ derivatives/labels/sub-nyuShepherd049/ sub-rennesOfsep037/ derivatives/labels/sub-rennesOfsep037/ sub-lyonOfsep074/ derivatives/labels/sub-lyonOfsep074/ sub-lyonOfsep018/ derivatives/labels/sub-lyonOfsep018/ sub-lyonOfsep080/ derivatives/labels/sub-lyonOfsep080/ sub-milanFilippi002/ derivatives/labels/sub-milanFilippi002/ sub-karoTobiasMS053/ derivatives/labels/sub-karoTobiasMS053/ sub-parisPradat002/ derivatives/labels/sub-parisPradat002/ sub-xuanwuYaou034/ derivatives/labels/sub-xuanwuYaou034/ sub-parisPradat036/ derivatives/labels/sub-parisPradat036/ sub-milanFilippi112/ derivatives/labels/sub-milanFilippi112/ sub-unfbiospective001/ derivatives/labels/sub-unfbiospective001/ sub-grenobleOfsep019/ derivatives/labels/sub-grenobleOfsep019/ sub-unfbiospective002/ derivatives/labels/sub-unfbiospective002/ sub-bordeauxOfsep002/ derivatives/labels/sub-bordeauxOfsep002/ sub-uclCiccarelli011/ derivatives/labels/sub-uclCiccarelli011/ sub-lyonOfsep064/ derivatives/labels/sub-lyonOfsep064/ sub-nyuShepherd018/ derivatives/labels/sub-nyuShepherd018/ sub-spineGeneric014/ derivatives/labels/sub-spineGeneric014/ sub-unfSpinalMSL009/ derivatives/labels/sub-unfSpinalMSL009/ sub-rennesOfsep014/ derivatives/labels/sub-rennesOfsep014/ sub-grenobleOfsep030/ derivatives/labels/sub-grenobleOfsep030/ sub-unfErssm008/ derivatives/labels/sub-unfErssm008/ sub-grenobleOfsep058/ derivatives/labels/sub-grenobleOfsep058/ 